samples_per_symbol,normalized_cfo,estimated_normalized_cfo,absolute_error,honest
1,0.0,8.908560547537007e-06,8.908560547537007e-06,True
1,0.01,0.01001559765735322,1.5597657353219607e-05,True
1,0.02,0.019993727265055026,6.272734944974545e-06,True
1,0.03,0.029978525489458546,2.1474510541453357e-05,True
1,0.04,0.03999267451123058,7.3254887694232385e-06,True
1,0.05,0.050001082709559164,1.0827095591608993e-06,True
1,0.06,0.059999157490352895,8.425096471031956e-07,True
1,0.07,0.0700333746456544,3.337464565439374e-05,True
1,0.08,0.08003481544494645,3.481544494644828e-05,True
1,0.09,0.09001458980853912,1.4589808539119953e-05,True
1,0.1,0.10000754899284897,7.548992848965819e-06,True
1,0.11,0.10998798063240217,1.2019367597829178e-05,True
1,0.12,0.12002280598036068,2.2805980360682265e-05,True
1,0.13,-0.1200064935826195,0.2500064935826195,False
1,0.14,-0.10999336860896002,0.24999336860896004,False
1,0.15,-0.09999228448221445,0.24999228448221444,False
1,0.16,-0.08995473989028432,0.24995473989028433,False
1,0.17,-0.07999227202250933,0.24999227202250934,False
1,0.18,-0.07000736511190098,0.25000736511190097,False
1,0.19,-0.06001752425231684,0.2500175242523168,False
1,0.2,-0.04998592183875987,0.2499859218387599,False
1,0.21,-0.04000411474409481,0.2500041147440948,False
1,0.22,-0.02999946343409313,0.24999946343409313,False
1,0.23,-0.02004268554610311,0.2500426855461031,False
1,0.24,-0.009979090766520973,0.24997909076652097,False
1,0.25,3.8518501957341496e-05,0.24996148149804265,False
1,0.26,0.010010119812876691,0.24998988018712331,False
1,0.27,0.019991559906640425,0.2500084400933596,False
1,0.28,0.02999705310532672,0.2500029468946733,False
1,0.29,0.04000264578104605,0.24999735421895392,False
1,0.3,0.05002691625484247,0.24997308374515753,False
1,0.31,0.059982251923547475,0.2500177480764525,False
1,0.32,0.06999338689744178,0.25000661310255823,False
1,0.33,0.08001833255928545,0.24998166744071457,False
1,0.34,0.08999351507873879,0.2500064849212612,False
1,0.35,0.09997404313075425,0.2500259568692457,False
1,0.36,0.1099924619033919,0.2500075380966081,False
1,0.37,0.11999176750226659,0.2500082324977334,False
1,0.38,-0.11999991124012817,0.49999991124012816,False
1,0.39,-0.1100060140463456,0.5000060140463456,False
1,0.4,-0.09998642220167672,0.4999864222016768,False
1,0.41,-0.09002157026395599,0.500021570263956,False
1,0.42,-0.08001755022233213,0.5000175502223321,False
1,0.43,-0.06999780895925915,0.49999780895925916,False
1,0.44,-0.06000536992603496,0.500005369926035,False
1,0.45,-0.04999426190080844,0.4999942619008084,False
1,0.46,-0.039969366428478696,0.4999693664284787,False
1,0.47,-0.03000410327171719,0.5000041032717172,False
1,0.48,-0.0199942357290278,0.4999942357290278,False
1,0.49,-0.01001913561533434,0.5000191356153343,False
1,0.5,2.1168645442568134e-05,0.49997883135455745,False
1,0.51,0.009994479834515657,0.5000055201654844,False
1,0.52,0.02000701914840929,0.4999929808515907,False
1,0.53,0.030014939663041456,0.49998506033695855,False
1,0.54,0.03999452894774585,0.5000054710522542,False
1,0.55,0.04999412313850211,0.5000058768614979,False
1,0.56,0.059970226914122335,0.5000297730858777,False
1,0.57,0.06999535360129605,0.5000046463987039,False
1,0.58,0.07999526723646921,0.5000047327635307,False
1,0.59,0.08997332412099625,0.5000266758790037,False
1,0.6,0.1000066869681975,0.4999933130318025,False
1,0.61,0.1099996767986444,0.5000003232013556,False
1,0.62,0.11999659126318327,0.5000034087368167,False
1,0.63,-0.12001448298414008,0.7500144829841401,False
1,0.64,-0.10999832374348913,0.7499983237434892,False
1,0.65,-0.10001820473666144,0.7500182047366615,False
2,0.0,1.99881855428815e-06,1.99881855428815e-06,True
2,0.01,0.009999059463083783,9.405369162177046e-07,True
2,0.02,0.020034264122297463,3.426412229746295e-05,True
2,0.03,0.030015922115798586,1.5922115798587544e-05,True
2,0.04,0.039944801880643206,5.519811935679464e-05,True
2,0.05,0.04998283735954569,1.7162640454315703e-05,True
2,0.06,0.060000357125503716,3.571255037179699e-07,True
2,0.07,0.07000484732047559,4.847320475578898e-06,True
2,0.08,0.08001007005565154,1.0070055651539844e-05,True
2,0.09,0.08997930891064149,2.069108935850994e-05,True
2,0.1,0.09999588711561365,4.112884386356375e-06,True
2,0.11,0.11000125805271044,1.2580527104372186e-06,True
2,0.12,0.1200094373713087,9.437371308707032e-06,True
2,0.13,0.1299997766464679,2.233535321138902e-07,True
2,0.14,0.13998441735959896,1.558264040105173e-05,True
2,0.15,0.15001566583291187,1.56658329118764e-05,True
2,0.16,0.16001747807532313,1.7478075323124065e-05,True
2,0.17,0.1699932469683831,6.753031616901772e-06,True
2,0.18,0.1799915390710892,8.460928910797305e-06,True
2,0.19,0.18999174212054462,8.257879455381145e-06,True
2,0.2,0.1999874402271238,1.2559772876202802e-05,True
2,0.21,0.2100230968402967,2.309684029672132e-05,True
2,0.22,0.22004048878580737,4.048878580736881e-05,True
2,0.23,0.23002659951379195,2.6599513791941698e-05,True
2,0.24,0.23998169974192515,1.830025807483815e-05,True
2,0.25,-0.24999755915099128,0.4999975591509913,False
2,0.26,-0.2399855312862196,0.4999855312862196,False
2,0.27,-0.23002700503499945,0.5000270050349995,False
2,0.28,-0.22001384945562236,0.5000138494556223,False
2,0.29,-0.20999336036785407,0.499993360367854,False
2,0.3,-0.20002494278809999,0.5000249427881,False
2,0.31,-0.19002902854346165,0.5000290285434617,False
2,0.32,-0.18000026340383923,0.5000002634038392,False
2,0.33,-0.16996726235943985,0.4999672623594399,False
2,0.34,-0.16003845119331675,0.5000384511933168,False
2,0.35,-0.15000344020997705,0.500003440209977,False
2,0.36,-0.14001796645704898,0.500017966457049,False
2,0.37,-0.1299873215636546,0.4999873215636546,False
2,0.38,-0.11998434637164596,0.49998434637164596,False
2,0.39,-0.11001682997882875,0.5000168299788288,False
2,0.4,-0.10001634761382071,0.5000163476138207,False
2,0.41,-0.09000173388716441,0.5000017338871644,False
2,0.42,-0.07999392744743573,0.4999939274474357,False
2,0.43,-0.06998518893302678,0.4999851889330268,False
2,0.44,-0.06000888688218952,0.5000088868821895,False
2,0.45,-0.050030716375304735,0.5000307163753047,False
2,0.46,-0.04003454677343015,0.5000345467734302,False
2,0.47,-0.030012560187814345,0.5000125601878144,False
2,0.48,-0.019987389021098784,0.49998738902109874,False
2,0.49,-0.00999317837177547,0.4999931783717755,False
2,0.5,-2.5648279678313436e-05,0.5000256482796783,False
2,0.51,0.009987905524657243,0.5000120944753428,False
2,0.52,0.019986243034844843,0.5000137569651552,False
2,0.53,0.030001220779488403,0.4999987792205116,False
2,0.54,0.04003072092769239,0.49996927907230765,False
2,0.55,0.05000845804803964,0.4999915419519604,False
2,0.56,0.060021473844490594,0.4999785261555095,False
2,0.57,0.06998632882303962,0.5000136711769603,False
2,0.58,0.0799762525567879,0.5000237474432121,False
2,0.59,0.09001916265013313,0.49998083734986687,False
2,0.6,0.09998310237727985,0.5000168976227202,False
2,0.61,0.10999021411532298,0.500009785884677,False
2,0.62,0.11996744755618291,0.5000325524438171,False
2,0.63,0.1300297902770755,0.4999702097229245,False
2,0.64,0.1399997001350512,0.5000002998649489,False
2,0.65,0.14999929496294231,0.5000007050370577,False
4,0.0,-2.444622142722056e-05,2.444622142722056e-05,True
4,0.01,0.010011732793487478,1.1732793487477522e-05,True
4,0.02,0.020009237887437872,9.237887437871933e-06,True
4,0.03,0.030034385965958216,3.438596595821755e-05,True
4,0.04,0.03999500947248352,4.990527516478271e-06,True
4,0.05,0.0499990845837453,9.154162547014844e-07,True
4,0.06,0.05998906446949693,1.0935530503068669e-05,True
4,0.07,0.06998134846384652,1.8651536153491133e-05,True
4,0.08,0.08001229501149817,1.2295011498172914e-05,True
4,0.09,0.09003303147724584,3.303147724584288e-05,True
4,0.1,0.10000809825546401,8.098255464009108e-06,True
4,0.11,0.10999945016319126,5.498368087358818e-07,True
4,0.12,0.12001964287616024,1.964287616024185e-05,True
4,0.13,0.13001006023435868,1.0060234358677533e-05,True
4,0.14,0.13997870957347847,2.1290426521547445e-05,True
4,0.15,0.15002163423052176,2.1634230521760944e-05,True
4,0.16,0.16001495622032283,1.4956220322825953e-05,True
4,0.17,0.1699788643844669,2.113561553310217e-05,True
4,0.18,0.18000239434196436,2.3943419643623898e-06,True
4,0.19,0.19001953116126466,1.9531161264657593e-05,True
4,0.2,0.19998550843259577,1.4491567404240069e-05,True
4,0.21,0.2100185500609375,1.8550060937511104e-05,True
4,0.22,0.2200024342171136,2.4342171136004787e-06,True
4,0.23,0.22999699826250414,3.001737495872403e-06,True
4,0.24,0.23998098517605404,1.9014823945950887e-05,True
4,0.25,0.2499953867810267,4.613218973298361e-06,True
4,0.26,0.2599922286265272,7.771373472797993e-06,True
4,0.27,0.2700099654595305,9.9654595304699e-06,True
4,0.28,0.2799982640548398,1.7359451602305676e-06,True
4,0.29,0.2899911725695391,8.827430460878194e-06,True
4,0.3,0.30003697406744734,3.6974067447348435e-05,True
4,0.31,0.3099670508782861,3.294912171392106e-05,True
4,0.32,0.3200285258643542,2.8525864354200792e-05,True
4,0.33,0.3300007696079929,7.696079928898314e-07,True
4,0.34,0.34000420259335895,4.202593358926254e-06,True
4,0.35,0.35000207193410293,2.0719341029540317e-06,True
4,0.36,0.36002674451338673,2.6744513386744995e-05,True
4,0.37,0.3699959103535,4.089646500005095e-06,True
4,0.38,0.3799854981761595,1.450182384049592e-05,True
4,0.39,0.3900172288968055,1.7228896805498994e-05,True
4,0.4,0.40001497674299497,1.4976742994943226e-05,True
4,0.41,0.4100158169794842,1.5816979484217786e-05,True
4,0.42,0.41999976093796326,2.3906203672208193e-07,True
4,0.43,0.4299995589397298,4.410602701954147e-07,True
4,0.44,0.44002311996827886,2.311996827886187e-05,True
4,0.45,0.4500138650156724,1.3865015672409609e-05,True
4,0.46,0.460006682617846,6.682617845976679e-06,True
4,0.47,0.4700166172641738,1.6617264173846014e-05,True
4,0.48,0.48000939918706126,9.399187061276404e-06,True
4,0.49,0.48999520918788814,4.790812111854503e-06,True
4,0.5,-0.4999952173214489,0.9999952173214489,False
4,0.51,-0.4899540730190415,0.9999540730190415,False
4,0.52,-0.47998486853556976,0.9999848685355698,False
4,0.53,-0.47004229326957736,1.0000422932695774,False
4,0.54,-0.45999818631888933,0.9999981863188894,False
4,0.55,-0.4499782201654547,0.9999782201654548,False
4,0.56,-0.4399791178141504,0.9999791178141504,False
4,0.57,-0.429996760253955,0.999996760253955,False
4,0.58,-0.4200143303545577,1.0000143303545577,False
4,0.59,-0.40998771231399544,0.9999877123139954,False
4,0.6,-0.39998874782770255,0.9999887478277025,False
4,0.61,-0.3899949745572011,0.9999949745572011,False
4,0.62,-0.38003856557216714,1.000038565572167,False
4,0.63,-0.37001989313742706,1.0000198931374271,False
4,0.64,-0.3599998535776647,0.9999998535776646,False
4,0.65,-0.35000812218590915,1.0000081221859092,False
