rolloff,normalized_cfo,fourth_power_estimate,fourth_power_absolute_error,band_edge_imbalance
0.05,-0.55,0.4524513412203178,1.002451341220318,-0.005925423027579705
0.05,-0.525,0.4774513412203199,1.00245134122032,-0.005905705108790473
0.05,-0.5,-0.4975486587796808,0.002451341220319203,-0.006626664666065091
0.05,-0.475,-0.47254865877968033,0.002451341220319647,-0.007741641178194641
0.05,-0.45,-0.4475486587796816,0.002451341220318426,-0.008149965718718736
0.05,-0.425,-0.4225486587796804,0.0024513412203195917,-0.007273503973160069
0.05,-0.4,-0.3975486587796825,0.0024513412203175378,-0.0058238018395499564
0.05,-0.375,-0.37254865877967835,0.0024513412203216456,-0.004802908133576016
0.05,-0.35,-0.3475486587796796,0.002451341220320369,-0.004427371612266849
0.05,-0.325,-0.32254865877968053,0.0024513412203194807,-0.004349776809105001
0.05,-0.3,-0.2975486587796803,0.0024513412203197027,-0.004279305799271476
0.05,-0.275,-0.2725486587796812,0.0024513412203188145,-0.004318913261056646
0.05,-0.25,-0.24754865877968052,0.0024513412203194807,-0.004919857730689196
0.05,-0.225,-0.2225486587796809,0.002451341220319092,-0.006210978779482296
0.05,-0.2,-0.19754865877968142,0.0024513412203185925,-0.007465144455697922
0.05,-0.175,-0.17254865877967995,0.0024513412203200358,-0.00785291481903894
0.05,-0.15,-0.14754865877968026,0.0024513412203197305,-0.007514999273516057
0.05,-0.125,-0.12254865877968042,0.002451341220319578,-0.007155336478112676
0.05,-0.1,-0.09754865877968084,0.0024513412203191615,-0.0069467880230630625
0.05,-0.075,-0.07254865877968028,0.0024513412203197166,-0.006451884887601749
0.05,-0.05,-0.04754865877968058,0.002451341220319425,-0.005161222351757917
0.05,-0.025,-0.022548658779680424,0.002451341220319578,-0.0028106283323233987
0.05,0.0,0.002451341220319715,0.002451341220319715,0.00036078385927408184
0.05,0.025,0.027451341220319864,0.0024513412203198623,0.003493362951539048
0.05,0.05,0.052451341220320004,0.002451341220320001,0.005637461415037221
0.05,0.075,0.07745134122031971,0.0024513412203197166,0.0065839386384438465
0.05,0.1,0.10245134122032028,0.0024513412203202717,0.006821153336226782
0.05,0.125,0.12745134122031987,0.0024513412203198692,0.006730398795772791
0.05,0.15,0.1524513412203197,0.0024513412203197027,0.006433860171319186
0.05,0.175,0.17745134122031941,0.002451341220319425,0.0062116681802919975
0.05,0.2,0.20245134122032082,0.002451341220320813,0.006311127293516393
0.05,0.225,0.22745134122032035,0.002451341220320341,0.006512233295230917
0.05,0.25,0.25245134122032,0.0024513412203199803,0.0064388326772097885
0.05,0.275,0.27745134122032067,0.0024513412203206464,0.006146156875246847
0.05,0.3,0.3024513412203197,0.0024513412203197027,0.006015938287989829
0.05,0.325,0.32745134122032,0.0024513412203199803,0.006162165529636156
0.05,0.35,0.35245134122031907,0.002451341220319092,0.00627375726957579
0.05,0.375,0.37745134122031776,0.00245134122031776,0.006162213221220951
0.05,0.4,0.40245134122032195,0.002451341220321923,0.006090085234267288
0.05,0.425,0.42745134122031975,0.002451341220319758,0.006204965476852963
0.05,0.45,0.45245134122032105,0.002451341220321035,0.006190354816210107
0.05,0.475,0.47745134122031974,0.002451341220319758,0.005925390626482983
0.05,0.5,-0.4975486587796798,0.9975486587796798,0.005905762194187442
0.05,0.525,-0.47254865877968044,0.9975486587796805,0.006626668247092559
0.05,0.55,-0.4475486587796785,0.9975486587796785,0.007741901476408119
0.2,-0.55,0.45033014454877696,1.000330144548777,-0.04604955566644501
0.2,-0.525,0.4753301445487783,1.0003301445487782,-0.04942724700098323
0.2,-0.5,-0.49966985545122217,0.00033014454877783317,-0.05345475563105299
0.2,-0.475,-0.4746698554512223,0.00033014454877766664,-0.05681802204689134
0.2,-0.45,-0.44966985545122357,0.0003301445487764454,-0.05963104944796516
0.2,-0.425,-0.42466985545122243,0.0003301445487775556,-0.06233800075763666
0.2,-0.4,-0.3996698554512219,0.0003301445487781107,-0.06431023868298416
0.2,-0.375,-0.3746698554512236,0.0003301445487763899,-0.06454136098521178
0.2,-0.35,-0.34966985545122314,0.00033014454877683397,-0.06318948496368514
0.2,-0.325,-0.3246698554512226,0.0003301445487773891,-0.06161643174752684
0.2,-0.3,-0.29966985545122166,0.00033014454877833277,-0.06108471211488338
0.2,-0.275,-0.2746698554512228,0.00033014454877722255,-0.06170904969964594
0.2,-0.25,-0.2496698554512223,0.0003301445487776944,-0.0622766442940742
0.2,-0.225,-0.22466985545122303,0.00033014454877697275,-0.060697268566511114
0.2,-0.2,-0.1996698554512222,0.0003301445487778054,-0.05545874352005455
0.2,-0.175,-0.17466985545122285,0.0003301445487771393,-0.0478186845643122
0.2,-0.15,-0.1496698554512221,0.0003301445487778887,-0.04170903136345709
0.2,-0.125,-0.12466985545122242,0.00033014454877758337,-0.03979620741251019
0.2,-0.1,-0.09966985545122238,0.000330144548777625,-0.040174146041760624
0.2,-0.075,-0.07466985545122232,0.0003301445487776805,-0.03803477199306395
0.2,-0.05,-0.04966985545122245,0.0003301445487775556,-0.02992408671022115
0.2,-0.025,-0.024669855451222477,0.0003301445487775244,-0.015991048961585468
0.2,0.0,0.00033014454877748525,0.00033014454877748525,0.0007640595930584519
0.2,0.025,0.025330144548777453,0.00033014454877745153,0.016615983275493768
0.2,0.05,0.05033014454877741,0.0003301445487774099,0.029139543396342248
0.2,0.075,0.07533014454877726,0.0003301445487772642,0.038064721904467025
0.2,0.1,0.10033014454877734,0.00033014454877733357,0.04427239176213938
0.2,0.125,0.1253301445487774,0.0003301445487773891,0.048427368835545034
0.2,0.15,0.15033014454877705,0.000330144548777056,0.05116160155670737
0.2,0.175,0.1753301445487778,0.0003301445487778054,0.05317170774258191
0.2,0.2,0.20033014454877718,0.00033014454877716704,0.05398504611758953
0.2,0.225,0.225330144548778,0.0003301445487779997,0.0524201721185023
0.2,0.25,0.2503301445487773,0.00033014454877727806,0.04918926285858142
0.2,0.275,0.27533014454877774,0.00033014454877772215,0.04690247715020403
0.2,0.3,0.3003301445487766,0.0003301445487766119,0.04708272029423296
0.2,0.325,0.3253301445487776,0.0003301445487776111,0.04961016386077007
0.2,0.35,0.3503301445487782,0.00033014454877822175,0.054514061610041055
0.2,0.375,0.37533014454877855,0.0003301445487785548,0.06101821033309441
0.2,0.4,0.4003301445487769,0.0003301445487768895,0.06576908448116256
0.2,0.425,0.4253301445487774,0.0003301445487773891,0.06535759960422667
0.2,0.45,0.4503301445487785,0.0003301445487784993,0.05998804383678908
0.2,0.475,0.47533014454877726,0.00033014454877727806,0.05293246584555758
0.2,0.5,-0.49966985545122294,0.9996698554512229,0.04743015932904129
0.2,0.525,-0.4746698554512233,0.9996698554512233,0.04507564537386997
0.2,0.55,-0.449669855451222,0.999669855451222,0.0460494963060666
0.35,-0.55,0.4487603315347204,0.9987603315347204,-0.13516984138357033
0.35,-0.525,0.47376033153472297,0.998760331534723,-0.14437517011075135
0.35,-0.5,0.4987603315347224,0.9987603315347224,-0.15923476904559644
0.35,-0.475,-0.4762396684652774,0.0012396684652773993,-0.1754246077928463
0.35,-0.45,-0.4512396684652785,0.0012396684652785095,-0.1859549646851088
0.35,-0.425,-0.42623966846527755,0.0012396684652775658,-0.18545250713555855
0.35,-0.4,-0.40123966846527653,0.001239668465276511,-0.17316175327334585
0.35,-0.375,-0.37623966846527684,0.0012396684652768442,-0.1537924242383115
0.35,-0.35,-0.35123966846527793,0.0012396684652779544,-0.13540403673001639
0.35,-0.325,-0.326239668465277,0.0012396684652770107,-0.1242649857822955
0.35,-0.3,-0.30123966846527767,0.0012396684652776768,-0.12082812209218463
0.35,-0.275,-0.27623966846527853,0.0012396684652785095,-0.12113880933889995
0.35,-0.25,-0.2512396684652775,0.0012396684652775103,-0.12147179453571041
0.35,-0.225,-0.226239668465278,0.0012396684652779821,-0.12045778318499507
0.35,-0.2,-0.201239668465277,0.001239668465276983,-0.11770231245083465
0.35,-0.175,-0.17623966846527767,0.0012396684652776768,-0.11237310719741653
0.35,-0.15,-0.1512396684652775,0.0012396684652775103,-0.10345930898026111
0.35,-0.125,-0.12623966846527748,0.0012396684652774825,-0.09072808154240077
0.35,-0.1,-0.10123966846527722,0.0012396684652772189,-0.07509799122790879
0.35,-0.075,-0.07623966846527748,0.0012396684652774825,-0.05787577521539767
0.35,-0.05,-0.051239668465277305,0.0012396684652773021,-0.03978173417017744
0.35,-0.025,-0.02623966846527737,0.001239668465277368,-0.020891259645303854
0.35,0.0,-0.0012396684652774227,0.0012396684652774227,-0.0011318729625340853
0.35,0.025,0.02376033153472253,0.0012396684652774721,0.019335177307580966
0.35,0.05,0.048760331534722465,0.001239668465277538,0.039962604481537725
0.35,0.075,0.07376033153472264,0.0012396684652773576,0.05978574739989906
0.35,0.1,0.09876033153472236,0.001239668465277649,0.07726267663269645
0.35,0.125,0.12376033153472263,0.0012396684652773715,0.09031210740648087
0.35,0.15,0.14876033153472268,0.001239668465277316,0.09726255330407856
0.35,0.175,0.17376033153472284,0.0012396684652771495,0.09823002675027291
0.35,0.2,0.19876033153472214,0.0012396684652778711,0.09534968031336216
0.35,0.225,0.22376033153472313,0.001239668465276872,0.09141894580480196
0.35,0.25,0.24876033153472268,0.001239668465277316,0.08848042673469649
0.35,0.275,0.2737603315347237,0.0012396684652763446,0.0875905111506838
0.35,0.3,0.29876033153472276,0.0012396684652772327,0.08933674792738959
0.35,0.325,0.32376033153472217,0.0012396684652778434,0.09428749527954021
0.35,0.35,0.3487603315347231,0.0012396684652768997,0.1028951290645666
0.35,0.375,0.373760331534722,0.0012396684652780099,0.11479553167941361
0.35,0.4,0.39876033153472173,0.0012396684652782874,0.12811418339397337
0.35,0.425,0.42376033153472276,0.0012396684652772327,0.13952012385108828
0.35,0.45,0.4487603315347237,0.001239668465276289,0.1455476472660921
0.35,0.475,0.4737603315347225,0.0012396684652774548,0.1448611805903769
0.35,0.5,0.49876033153472277,0.0012396684652772327,0.1395682686771706
0.35,0.525,-0.4762396684652778,1.0012396684652778,0.133813424759907
0.35,0.55,-0.4512396684652753,1.0012396684652753,0.13058326565390238
0.5,-0.55,0.4379830695678191,0.9879830695678191,-0.20197936277221784
0.5,-0.525,0.46298306956781876,0.9879830695678188,-0.20474012118429047
0.5,-0.5,0.48798306956781895,0.9879830695678189,-0.20711343361118117
0.5,-0.475,-0.48701693043218247,0.012016930432182493,-0.20881422594260235
0.5,-0.45,-0.4620169304321818,0.012016930432181772,-0.2117435573163741
0.5,-0.425,-0.4370169304321818,0.012016930432181827,-0.2178425081467241
0.5,-0.4,-0.4120169304321812,0.012016930432181161,-0.2267521589618191
0.5,-0.375,-0.3870169304321818,0.012016930432181827,-0.2356680526298099
0.5,-0.35,-0.362016930432182,0.01201693043218205,-0.24096626265697957
0.5,-0.325,-0.33701693043218045,0.01201693043218044,-0.24018048891010635
0.5,-0.3,-0.3120169304321823,0.012016930432182327,-0.23284070089361597
0.5,-0.275,-0.2870169304321812,0.012016930432181161,-0.2198379102402899
0.5,-0.25,-0.26201693043218127,0.012016930432181272,-0.20274816360173925
0.5,-0.225,-0.23701693043218164,0.012016930432181633,-0.18342615441545998
0.5,-0.2,-0.21201693043218134,0.012016930432181328,-0.16305648169824963
0.5,-0.175,-0.18701693043218173,0.012016930432181744,-0.14181274891641396
0.5,-0.15,-0.16201693043218188,0.012016930432181883,-0.11997058610929283
0.5,-0.125,-0.13701693043218138,0.012016930432181383,-0.09850088400485874
0.5,-0.1,-0.1120169304321814,0.012016930432181397,-0.07812477980099362
0.5,-0.075,-0.08701693043218169,0.012016930432181688,-0.05851642033961389
0.5,-0.05,-0.06201693043218144,0.012016930432181439,-0.03869548441754155
0.5,-0.025,-0.03701693043218146,0.01201693043218146,-0.017880255864997356
0.5,0.0,-0.012016930432181473,0.012016930432181473,0.003957680460780013
0.5,0.025,0.012983069567818509,0.012016930432181492,0.026008233845156867
0.5,0.05,0.0379830695678185,0.012016930432181501,0.046962811511772576
0.5,0.075,0.06298306956781873,0.012016930432181272,0.06564070845120336
0.5,0.1,0.08798306956781846,0.01201693043218155,0.08163350254352353
0.5,0.125,0.11298306956781842,0.012016930432181577,0.09556743492480628
0.5,0.15,0.13798306956781894,0.01201693043218105,0.10865569889339098
0.5,0.175,0.16298306956781883,0.012016930432181161,0.12168223536193296
0.5,0.2,0.1879830695678184,0.012016930432181605,0.1342337061625118
0.5,0.225,0.21298306956781873,0.012016930432181272,0.14516862802298752
0.5,0.25,0.23798306956781834,0.01201693043218166,0.15429526645722857
0.5,0.275,0.26298306956781825,0.012016930432181772,0.1636093869881322
0.5,0.3,0.2879830695678194,0.012016930432180606,0.176025724357006
0.5,0.325,0.3129830695678175,0.012016930432182493,0.1919177725322923
0.5,0.35,0.3379830695678191,0.012016930432180883,0.20752398012014844
0.5,0.375,0.3629830695678189,0.012016930432181105,0.218257033150316
0.5,0.4,0.38798306956781825,0.012016930432181772,0.22308568447011032
0.5,0.425,0.4129830695678189,0.012016930432181105,0.22423708987912658
0.5,0.45,0.4379830695678189,0.012016930432181105,0.22342005636355836
0.5,0.475,0.4629830695678195,0.012016930432180495,0.2198874843208453
0.5,0.5,0.4879830695678181,0.012016930432181883,0.2123038739589493
0.5,0.525,-0.4870169304321817,1.0120169304321818,0.20215792317091713
0.5,0.55,-0.4620169304321821,1.0120169304321822,0.19426195907656918
